gender,group,kor,mat,eng
male,A,67,67,63
female,D,40,59,55
male,E,59,60,50
male,B,77,78,68
male,E,78,73,68
female,D,63,77,76
female,A,62,59,63
male,E,93,88,84
male,D,63,56,65
male,C,47,42,45
male,E,99,83,85
female,D,80,87,90
male,D,77,87,85
male,C,74,74,73
male,E,81,87,85
male,E,69,61,57
male,B,58,47,42
female,C,54,62,65
female,C,23,44,44
male,C,39,32,31
female,C,83,76,88
male,C,58,52,55
male,B,71,69,73
female,B,44,55,54
male,E,46,38,32
male,C,51,45,42
female,C,53,60,56
male,E,71,68,60
female,B,74,89,89
female,A,33,54,51
male,B,87,79,77
male,A,78,74,73
male,A,40,41,39
female,B,65,65,71
female,B,79,88,89
female,A,68,74,74
female,C,57,77,75
male,B,67,65,54
female,B,58,68,73
male,E,98,81,77
female,B,54,75,72
male,D,77,67,64
male,E,87,79,82
female,C,58,70,70
male,E,100,88,87
male,C,60,46,51
male,C,64,63,57
female,E,65,76,78
female,D,68,72,73
male,C,60,63,57
male,D,65,68,64
female,C,52,58,60
female,C,74,81,85
female,C,36,53,49
male,D,57,57,47
female,C,56,60,62
female,C,67,80,84
male,D,88,87,83
female,D,42,61,51
male,E,68,51,48
male,D,76,66,68
female,E,58,63,59
male,E,69,67,62
male,A,77,82,78
male,D,83,93,97
female,C,49,74,70
male,C,71,60,56
female,D,47,46,49
male,B,79,64,60
female,C,60,64,57
female,C,56,68,73
male,C,57,52,47
female,B,49,70,63
female,C,79,76,81
male,B,71,76,67
female,C,71,77,70
female,C,47,63,59
female,D,72,91,81
male,C,78,73,76
male,D,54,43,45
female,B,46,59,62
female,D,31,38,42
female,C,51,59,59
male,B,78,76,73
female,B,32,41,39
female,C,53,71,69
female,C,63,76,69
male,D,97,93,88
female,D,56,52,61
male,B,72,76,72
male,C,57,47,42
male,B,74,71,70
female,D,81,81,87
male,D,94,87,93
male,B,81,73,72
female,C,58,63,67
female,E,95,100,100
male,B,45,52,49
male,A,63,50,49
male,B,60,54,53
male,C,54,61,62
male,C,75,78,79
male,E,79,78,77
male,D,66,67,67
female,B,47,58,58
female,D,70,78,82
male,D,82,74,73
male,A,56,38,44
male,B,92,78,71
male,C,30,33,33
female,C,79,88,86
female,D,41,52,47
female,C,63,82,71
male,A,43,34,33
male,D,77,76,74
male,B,76,79,76
female,E,49,61,63
male,C,59,57,55
male,B,59,70,58
female,D,76,90,87
female,C,55,71,71
female,D,78,87,89
female,C,51,53,62
female,C,41,43,45
female,D,74,78,86
male,C,62,54,58
male,D,77,71,64
male,C,45,52,45
male,E,100,84,87
female,D,83,95,100
female,E,77,75,82
male,C,66,70,64
male,B,65,63,57
male,D,62,55,56
male,E,55,54,54
male,C,73,78,69
male,A,73,81,76
female,B,48,66,68
male,D,52,44,49
female,C,60,72,64
male,B,68,63,57
female,D,65,77,83
female,D,86,83,87
female,B,55,62,60
male,B,80,71,68
female,B,51,57,57
female,B,63,61,66
male,E,60,55,46
female,E,100,100,100
male,A,46,44,44
female,C,67,78,80
female,C,54,67,59
female,B,63,79,76
male,D,68,66,73
female,C,54,63,58
female,C,43,44,47
male,B,64,64,59
female,E,92,87,87
female,D,82,95,93
male,E,84,78,79
female,D,84,98,97
male,D,65,63,65
female,C,83,92,91
female,B,70,75,75
male,A,66,72,70
female,D,71,87,92
male,B,66,64,58
female,B,57,64,68
female,C,86,90,93
female,A,80,85,83
female,B,62,60,59
female,D,71,71,76
female,C,57,66,71
male,A,69,64,62
male,B,83,74,72
female,D,50,56,60
female,C,55,56,56
male,B,55,53,51
female,D,83,93,95
male,D,89,87,86
female,D,51,62,64
female,C,48,52,49
female,E,84,95,89
female,C,69,83,76
female,C,75,85,87
female,C,91,100,99
male,B,76,77,67
male,E,63,61,59
male,D,73,65,64
male,B,52,63,53
male,B,58,57,53
female,B,33,51,51
male,E,68,62,61
female,C,77,91,89
female,C,64,64,66
female,D,39,49,48
male,D,50,46,48
male,A,53,57,51
female,B,54,62,70
male,D,74,63,65
female,D,50,63,65
male,E,55,54,47
male,C,77,64,70
female,B,49,64,67
female,D,66,83,82
male,B,77,74,75
female,A,74,78,84
male,C,85,78,81
female,A,77,86,84
female,B,64,62,66
female,D,61,69,68
male,D,97,88,85
male,C,66,75,70
male,C,62,66,64
female,E,64,80,77
female,B,55,57,60
female,B,53,72,66
female,D,71,81,77
male,B,66,59,68
male,C,68,61,62
male,D,89,90,83
male,C,65,69,74
female,B,43,48,44
female,D,79,77,83
male,D,99,94,97
male,D,82,69,72
male,D,35,36,39
female,D,61,71,73
female,D,76,80,81
male,C,94,83,82
female,C,75,90,78
male,B,81,75,70
male,C,35,44,33
male,C,76,74,72
female,B,58,79,82
male,C,100,91,90
female,C,53,68,64
female,D,82,95,96
male,B,76,62,64
male,C,83,75,75
female,D,72,84,82
male,D,76,76,83
male,D,66,64,58
male,C,63,65,63
male,B,36,34,28
male,C,68,74,71
female,C,40,52,42
male,D,68,71,61
male,C,56,54,52
female,D,74,83,80
female,D,53,70,71
male,B,88,65,70
male,D,67,63,61
female,B,60,76,65
female,C,51,61,54
female,D,53,66,59
male,A,80,78,74
female,E,69,71,67
female,B,64,79,70
female,D,80,87,89
female,A,58,72,62
female,C,39,46,50
male,D,64,56,50
male,D,61,66,63
male,D,90,82,88
male,D,73,71,64
male,C,73,73,70
female,D,67,76,77
female,B,57,58,62
female,E,65,73,72
female,C,71,72,71
female,D,59,69,72
male,B,74,71,65
female,E,93,100,93
female,B,85,93,92
female,E,76,83,79
female,D,58,72,70
female,E,72,77,77
female,B,40,49,47
male,D,75,73,66
male,D,85,81,80
male,E,100,100,100
female,B,53,65,66
male,D,40,42,39
male,B,49,49,49
male,C,77,80,80
female,D,82,89,84
male,C,55,48,42
female,C,62,71,77
male,B,69,63,59
male,C,78,74,76
female,B,71,77,82
male,D,59,71,66
female,D,60,75,70
female,C,43,60,60
female,C,77,83,86
male,D,50,47,46
female,E,56,58,52
male,B,69,58,50
male,D,47,43,39
male,B,43,28,24
male,A,48,39,40
male,C,55,62,49
male,C,73,68,66
male,D,71,63,66
female,B,54,57,60
male,C,66,61,63
male,A,63,63,67
female,D,66,81,73
male,C,79,80,75
male,D,73,69,70
female,C,36,57,53
male,C,50,48,43
male,E,87,78,80
male,C,71,68,63
female,C,85,87,94
female,C,58,67,64
male,C,86,83,81
female,D,64,86,89
male,D,83,85,79
male,E,58,56,49
female,C,59,83,81
female,C,40,58,54
male,D,82,83,85
male,E,87,84,80
female,C,62,65,64
male,B,76,80,78
female,A,63,69,60
male,D,58,60,59
male,D,61,63,65
male,C,78,69,71
female,C,78,90,81
male,C,56,54,43
male,D,96,83,82
male,C,48,43,40
male,C,70,76,72
male,D,43,68,58
female,E,45,46,49
female,C,58,68,62
female,A,70,73,80
female,E,60,61,58
male,C,52,53,47
male,C,61,62,54
female,D,55,70,61
male,B,80,80,79
male,D,63,60,54
female,B,79,79,87
male,A,74,78,72
female,B,46,58,64
female,B,72,88,92
female,E,58,64,64
female,E,47,50,47
female,D,68,78,84
male,D,68,71,67
female,D,65,75,68
female,B,50,54,51
female,B,48,71,68
female,B,58,60,64
male,C,71,74,68
male,D,58,52,48
female,A,66,90,83
male,C,44,53,43
female,B,51,63,66
male,A,78,83,77
male,C,72,71,65
female,D,60,64,67
female,C,55,61,60
male,B,64,67,64
female,C,57,64,60
female,A,70,75,74
male,D,84,72,76
female,B,66,71,76
female,C,56,65,73
male,E,59,53,56
female,E,87,89,84
male,E,73,75,64
female,A,85,91,89
male,B,49,54,42
female,C,82,87,90
female,D,80,90,90
female,E,48,51,43
female,D,85,83,94
female,E,70,78,76
male,E,89,84,81
female,D,72,86,79
female,D,80,86,87
female,D,43,57,50
male,C,54,61,61
male,A,82,82,78
male,C,74,80,78
female,C,63,62,64
female,C,47,56,51
female,C,13,29,23
male,D,67,58,56
male,C,57,59,54
female,B,64,78,83
female,D,85,100,100
female,B,70,80,86
male,B,90,73,83
female,A,53,70,69
male,C,74,73,75
male,A,61,71,67
female,C,55,74,73
female,B,65,63,66
female,A,77,77,79
male,C,74,61,56
male,D,94,92,85
female,B,54,64,68
male,A,52,49,43
male,D,73,75,71
male,C,81,72,58
female,B,62,75,72
female,C,55,60,61
male,C,55,61,61
female,D,61,62,61
male,E,75,70,64
male,E,79,65,59
female,C,70,70,68
male,A,72,65,59
female,C,38,46,33
female,A,57,71,63
male,D,76,71,70
male,C,45,45,38
male,D,77,73,74
male,C,40,39,30
female,E,78,83,78
female,A,63,65,66
male,C,83,70,73
male,C,55,52,47
male,B,88,78,76
male,C,82,83,85
male,E,86,71,71
female,C,61,74,72
female,D,78,85,93
male,C,67,63,66
female,E,83,87,83
male,C,68,74,69
male,C,53,52,44
male,D,91,88,90
male,B,67,66,66
female,C,53,64,62
female,C,86,100,100
male,E,75,70,61
male,C,55,38,35
male,D,93,86,95
female,E,62,71,66
male,C,83,76,71
male,D,73,72,64
female,C,57,52,53
female,C,70,75,75
female,B,55,62,64
male,C,65,56,51
female,C,76,85,88
male,C,59,47,46
male,C,74,73,77
male,B,65,59,60
male,B,89,87,89
female,B,71,82,82
male,C,63,69,59
male,C,57,55,60
male,B,56,67,56
male,A,49,44,41
female,C,28,44,50
female,C,69,73,71
female,D,49,62,60
male,B,67,62,58
female,B,74,85,82
female,C,47,67,63
female,C,63,63,69
male,C,73,51,53
female,D,91,94,96
male,B,80,87,79
female,C,66,73,68
male,B,52,48,43
female,B,65,71,65
male,D,83,75,71
female,C,80,85,78
male,E,68,68,59
male,C,68,73,68
male,C,62,43,45
female,B,76,88,84
female,C,77,79,83
female,E,83,81,83
female,C,71,78,82
male,D,86,91,89
male,B,93,96,96
female,B,60,64,60
female,D,57,56,58
male,C,84,79,74
female,D,66,71,75
male,D,85,69,74
female,D,57,68,76
female,C,41,49,49
female,C,75,76,76
male,D,65,63,60
male,E,78,65,60
female,B,26,34,28
male,E,71,64,66
male,B,86,92,93
male,B,89,84,81
female,B,53,64,63
female,C,87,87,92
male,D,71,57,59
male,D,77,80,72
female,C,43,48,53
female,C,88,91,86
male,E,86,76,63
female,E,45,56,55
male,C,69,56,57
female,D,65,70,72
male,E,81,79,71
female,A,90,88,86
female,E,78,72,71
female,C,71,79,89
female,C,75,80,72
male,C,70,60,56
male,B,54,52,48
male,B,49,36,32
male,B,80,82,82
female,E,78,89,93
male,C,89,77,82
female,C,65,83,82
male,D,78,74,71
female,D,69,85,78
male,D,49,47,48
female,D,50,64,66
female,E,79,76,71
female,D,89,92,97
male,A,48,61,59
female,A,63,67,71
female,C,88,100,88
female,D,66,73,73
female,B,45,59,56
female,E,62,78,73
male,D,74,80,86
female,D,82,87,90
male,E,83,63,63
female,D,60,72,76
female,D,66,73,72
male,C,76,66,68
male,B,75,74,76
male,B,77,72,79
female,E,82,88,86
male,C,63,59,60
female,D,70,85,85
male,D,84,71,76
male,C,68,60,63
male,C,56,58,50
female,C,37,46,43
female,D,49,56,53
female,E,100,100,100
male,D,83,68,65
female,E,92,100,98
male,E,71,62,66
male,D,72,76,73
female,D,37,53,48
male,C,35,43,35
male,C,69,68,62
female,C,65,73,81
male,E,56,48,36
female,D,40,46,57
female,E,60,62,60
female,C,57,66,73
female,C,58,62,66
female,D,74,95,94
female,B,77,77,83
male,E,66,57,53
female,D,62,79,87
male,C,29,38,27
female,B,70,73,66
male,A,67,64,60
female,C,81,91,94
male,C,56,50,43
female,D,61,79,76
female,D,47,54,56
male,A,88,87,94
male,C,51,52,52
male,C,68,60,62
female,B,68,71,71
female,B,47,49,50
male,E,84,77,82
male,B,69,72,68
female,D,52,69,75
male,B,80,79,79
male,C,100,84,88
male,C,53,59,64
female,B,59,73,74
female,B,78,96,89
female,B,84,87,89
female,C,52,72,71
male,C,81,78,75
female,C,90,95,100
female,A,63,73,66
male,D,100,97,100
female,B,56,63,62
female,B,46,54,54
female,B,75,85,90
female,A,46,51,54
male,A,42,40,40
female,C,77,86,90
female,C,40,63,56
female,D,69,71,76
male,C,43,50,45
female,C,69,75,71
female,D,89,93,100
male,B,44,34,36
male,D,82,83,77
male,D,72,72,65
male,C,64,53,50
male,D,89,73,70
male,E,58,53,54
female,A,63,81,78
female,A,54,66,69
male,C,83,78,82
female,C,57,74,64
female,C,52,47,48
female,D,75,93,97
male,E,67,66,64
male,B,58,60,53
female,B,63,66,68
female,D,49,64,57
female,D,38,47,52
female,B,74,85,84
male,C,69,84,82
female,D,77,82,80
female,A,40,59,59
female,B,96,98,100
female,B,85,86,85
male,D,85,77,76
male,C,72,59,54
female,B,63,78,73
male,B,58,67,58
male,B,58,64,54
male,C,51,57,53
female,D,100,100,100
female,D,77,84,92
male,E,63,56,56
female,C,64,67,68
male,E,100,82,80
male,C,66,65,65
male,E,87,87,84
male,C,73,72,69
male,C,69,66,65
female,C,62,64,63
female,C,40,48,49
male,C,55,68,60
male,D,77,77,78
male,D,63,70,71
male,D,85,85,91
female,B,30,43,40
male,B,82,77,71
male,D,81,71,70
female,C,92,100,97
male,B,50,48,36
female,B,54,60,56
male,C,76,83,78
female,D,60,68,74
female,A,45,72,66
male,D,80,77,72
male,D,52,45,48
female,C,90,89,97
female,D,53,65,69
female,C,92,95,95
female,C,63,78,75
female,B,71,77,79
female,D,64,70,73
female,C,67,81,89
male,C,63,63,61
male,B,63,53,44
male,C,59,49,46
male,E,49,43,35
female,D,75,84,86
female,C,34,47,45
female,B,53,70,69
male,B,63,56,60
male,C,75,69,65
male,E,63,61,62
female,C,70,72,75
female,C,61,73,70
male,C,74,61,59
male,D,57,49,48
male,C,41,52,47
male,D,87,80,76
male,C,69,71,62
male,C,69,77,70
male,D,58,56,56
female,B,47,69,62
male,D,78,69,71
female,B,54,61,71
male,C,36,27,26
male,B,94,92,92
female,D,68,84,80
female,E,90,88,84
male,A,57,57,53
male,D,96,95,90
male,B,68,63,62
female,C,52,64,63
male,E,90,76,73
male,C,71,82,75
female,C,58,69,74
male,C,41,39,34
male,D,43,37,43
male,D,85,70,71
male,B,71,72,69
female,A,72,70,72
male,D,70,62,66
female,D,89,100,100
female,E,92,86,82
male,E,80,79,81
male,C,80,70,60
female,B,56,64,59
male,E,93,86,73
male,C,49,37,41
female,E,59,57,58
female,C,64,74,75
male,D,73,66,59
female,B,82,86,90
male,D,48,43,41
female,A,51,64,62
female,E,38,46,43
male,B,45,50,42
female,A,83,92,95
female,B,45,57,56
male,D,66,64,62
male,D,60,62,57
male,C,49,47,49
male,D,80,84,86
male,E,75,68,66
male,B,57,68,61
female,B,25,36,37
male,E,90,87,81
female,D,63,70,71
male,E,100,91,86
male,C,76,68,66
female,B,52,58,53
female,B,81,86,93
male,C,90,89,87
male,D,83,82,81
female,B,61,73,69
female,E,79,69,75
male,B,52,53,51
female,B,62,65,67
female,D,85,90,84
female,E,74,96,95
male,C,83,85,78
male,C,78,72,72
female,C,41,43,40
female,A,77,91,87
male,C,95,99,91
female,B,50,68,66
male,C,74,76,70
female,D,74,93,93
male,E,70,62,61
male,D,61,59,54
female,A,94,100,100
female,D,66,84,77
female,D,83,88,93
male,D,75,63,60
male,D,56,65,63
female,B,66,88,83
female,B,61,69,66
male,C,70,79,73
male,C,57,59,53
female,C,78,89,90
female,C,62,76,67
male,C,64,53,49
female,B,55,66,65
female,D,72,83,83
male,A,49,48,42
female,D,62,60,63
male,B,76,73,68
female,C,73,86,85
female,C,72,76,78
male,C,85,85,76
male,A,71,68,65
female,C,28,38,31
male,C,41,42,38
male,E,78,72,68
male,C,48,52,44
male,C,38,51,47
female,A,91,100,100
female,D,71,81,80
female,D,84,87,92
male,E,63,60,63
female,A,70,78,87
male,B,48,52,57
male,D,68,72,73
female,D,84,84,87
male,D,61,62,60
male,C,62,59,62
female,C,66,78,83
female,C,52,65,71
female,D,68,75,73
male,D,62,68,71
male,E,90,88,84
female,A,42,50,44
male,D,74,90,89
male,B,62,61,61
male,C,56,55,50
male,C,64,52,54
male,D,79,84,80
female,C,44,65,63
female,B,69,94,87
male,A,53,48,48
male,C,74,69,61
male,C,49,55,48
female,D,57,71,71
female,D,61,72,64
female,C,65,88,84
female,C,51,60,52
female,C,49,51,41
male,B,56,65,56
male,D,65,62,63
male,D,70,64,62
male,D,91,95,88
female,D,48,56,64
female,C,94,99,100
male,B,77,76,73
female,D,59,78,75
female,C,57,75,70
female,C,76,82,74
male,D,65,63,64
female,B,75,75,83
male,D,70,66,65
male,C,79,79,70
male,E,100,100,100
female,A,83,96,99
female,C,70,84,78
male,E,97,80,88
female,E,33,32,35
male,B,38,40,41
male,C,46,51,47
female,D,13,36,37
male,A,85,83,78
female,B,79,79,80
female,B,76,81,79
female,C,53,70,65
male,A,68,70,63
male,D,67,70,70
male,E,100,84,88
male,C,54,48,45
female,E,72,73,70
male,A,91,97,95
male,D,87,81,86
female,D,66,75,74
male,C,65,66,64
female,E,41,56,53
female,C,67,69,65
male,E,94,89,86
female,B,57,70,68
male,A,89,83,80
male,A,77,73,80
male,C,57,60,50
male,D,72,72,72
male,D,98,94,95
female,D,87,97,100
male,C,61,57,55
female,C,85,100,97
female,D,81,85,91
female,D,74,84,79
male,C,98,92,90
female,D,86,84,89
male,C,85,81,82
male,C,68,71,63
female,E,66,78,77
male,B,75,74,71
male,C,79,57,58
female,B,59,85,82
male,B,60,62,58
male,D,69,60,54
female,B,49,54,58
male,D,62,44,52
female,E,70,84,83
male,D,71,57,60
male,C,71,69,65
female,C,50,59,54
female,B,52,55,57
male,E,75,65,66
female,C,51,64,63
male,C,64,48,50
female,A,65,76,72
male,B,99,81,87
female,B,60,62,58
female,B,70,78,80
male,A,77,76,77
male,B,37,28,23
male,E,73,73,61
female,B,53,74,75
female,B,67,58,62
female,B,67,79,80
male,B,51,57,50
male,D,64,71,70
male,E,55,42,43
male,D,55,39,51
male,E,86,77,78
female,B,71,88,85
male,C,71,63,64
female,C,51,67,69
female,E,75,76,85
male,C,45,31,27
male,B,59,54,48
female,E,64,69,68
male,A,78,69,73
male,D,59,61,58
male,E,80,70,71
male,B,68,82,77
female,B,77,81,79
male,C,66,67,64
female,C,26,44,46
male,D,80,66,69
female,D,48,62,61
female,A,52,64,55
female,D,54,64,64
female,C,59,68,67
male,D,77,62,65
female,B,64,70,69
male,D,83,72,68
male,E,70,73,69
male,C,72,68,67
female,B,83,78,79
female,B,52,58,57
female,C,53,73,74
male,D,55,55,55
male,C,65,63,61
female,E,60,67,64
male,E,64,62,59
male,C,71,72,69
male,C,61,71,65
male,D,61,55,58
female,C,65,74,79
female,D,71,83,89
male,E,48,49,44
male,E,75,80,75
male,D,54,66,65
female,C,70,64,65
male,D,91,77,72
female,D,33,44,50
female,B,45,50,41
male,A,45,33,32
male,D,62,61,57
male,E,92,79,77
female,D,74,75,79
female,C,81,79,83
male,C,76,71,66
female,C,57,72,73
male,A,63,61,55
female,D,57,62,73
female,B,46,65,64
male,E,49,50,45
female,D,54,60,65
male,C,89,87,90
male,D,77,70,78
female,C,46,63,60
male,B,66,59,70
female,C,48,63,53
male,D,83,76,81
male,C,69,75,74
male,E,73,52,54
female,D,43,59,59
male,D,91,84,83
male,C,49,58,55
male,B,87,86,84
male,B,46,46,44
female,D,63,61,71
male,E,100,83,86
female,E,86,87,89
female,A,55,73,70
female,E,84,100,99
female,B,39,51,48
male,B,67,57,52
female,D,85,100,97
male,C,64,51,44
female,E,81,77,74
male,C,78,71,67
female,B,59,59,58
male,C,74,76,70
female,B,31,29,35
female,C,54,55,65
male,C,51,51,45
female,B,57,65,68
female,C,39,50,49
male,C,64,48,48
male,C,69,79,72
male,A,58,50,47
female,D,63,71,75
male,E,74,73,67
male,E,78,84,77
male,A,78,78,74
female,B,75,76,81
male,D,70,60,65
male,D,67,55,53
female,C,87,93,88
male,C,69,63,66
female,A,58,54,58
male,E,86,82,75
male,C,73,70,65
male,D,85,91,92
female,C,32,35,41
female,C,73,74,82
male,A,65,60,62
